{
  "project_info": {
    "project_number": "530675374256",
    "project_id": "brainup-93822",
    "storage_bucket": "brainup-93822.appspot.com"
  },
  "client": [
    {
      "client_info": {
        "mobilesdk_app_id": "1:530675374256:android:bb714dd5ac59e40a5b4375",
        "android_client_info": {
          "package_name": "com.example.brainup"
        }
      },
      "oauth_client": [],
      "api_key": [
        {
          "current_key": "AIzaSyDKNhIAAbJ9OOMIDOHvlIL_12Se5KMcBrs"
        }
      ],
      "services": {
        "appinvite_service": {
          "other_platform_oauth_client": []
        }
      }
    }
  ],
  "configuration_version": "1"
}